Time;Item;Looter;GP Action;ID
2020-06-07 20:01:54;[Waistband of Wrath];Crayven;Offspec GP;16960
2020-06-07 20:12:44;[Boots of Transcendence];Bombalgir;Offspec GP;16919
2020-06-07 20:23:01;[Legguards of the Fallen Crusader];Zann;Mainspec GP;19402
2020-06-07 20:23:42;[Drake Talon Cleaver];Zumolicious;Offspec GP;19353
2020-06-07 20:38:47;[Netherwind Gloves];Lomeluin;Mainspec GP;16913
2020-06-07 20:39:08;[Aegis of Preservation];Faine;Offspec GP;19345
2020-06-07 20:51:17;[Netherwind Mantle];Xzoe;Offspec GP;16917
2020-06-07 20:52:12;[Chromatic Boots];Hunksfox;Mainspec GP;19387
2020-06-07 20:59:42;[Breastplate of Wrath];Naalia;Offspec GP;16966
2020-06-07 21:00:25;[Crul'shorukh, Edge of Chaos];Zumolicious;Mainspec GP;19363
2020-06-07 21:00:48;[Therazane's Link];Rhyper;Offspec GP;19380
2020-06-07 21:02:20;[Head of Nefarian];Belesh;Offspec GP;19002
2020-06-14 19:48:40;[Netherwind Bindings];Xzoe;Offspec GP;16918
2020-06-14 19:54:20;[Cloak of Draconic Might];Zann;Mainspec GP;19436
2020-06-14 20:06:06;[Lifegiving Gem];Zumolicious;Offspec GP;19341
2020-06-14 20:08:23;[Boots of Transcendence];Radogan;Offspec GP;16919
2020-06-14 20:13:15;[Handguards of Transcendence];Newk;Mainspec GP;16920
2020-06-14 20:13:47;[Legguards of the Fallen Crusader];Maro;Offspec GP;19402
2020-06-14 20:28:01;[Dragonstalker's Gauntlets];Choult;Mainspec GP;16940
2020-06-14 20:28:46;[Malfurion's Blessed Bulwark];Nithalf;Offspec GP;19405
2020-06-14 20:30:44;[Bloodfang Gloves];Schellenmann;Offspec GP;16907
2020-06-14 20:32:05;[Herald of Woe];Crayven;Offspec GP;19357
2020-06-14 20:37:20;[Elementium Threaded Cloak];Arlis;Offspec GP;19386
2020-06-14 20:37:40;[Dragonstalker's Spaulders];Rhyme;Mainspec GP;16937
2020-06-14 20:38:20;[Angelista's Grasp];Radogan;Offspec GP;19388
2020-06-14 20:45:37;[Dragonstalker's Breastplate];Rhyme;Mainspec GP;16942
2020-06-14 20:46:23;[Mish'undare, Circlet of the Mind Flayer];Wysiwyg;Mainspec GP;19375
2020-06-14 20:46:57;[Pure Elementium Band];Trixxy;Mainspec GP;19382
2020-06-14 20:47:42;[Head of Nefarian];Maro;Offspec GP;19002
2020-06-21 19:57:09;[Helm of Endless Rage];Zann;Offspec GP;19372
2020-06-21 20:01:10;[Draconic Maul];Arlis;Offspec GP;19358
2020-06-21 20:38:59;[Dragonstalker's Gauntlets];Rhyper;Mainspec GP;16940
2020-06-21 20:39:39;[Dragonbreath Hand Cannon];Naalia;Offspec GP;19368
2020-06-21 20:41:31;[Bloodfang Gloves];Gnomling;Offspec GP;16907
2020-06-21 20:41:53;[Circle of Applied Force];Arlis;Offspec GP;19432
2020-06-21 20:49:39;[Judgement Spaulders];Darlia;Offspec GP;16953
2020-06-21 20:50:00;[Angelista's Grasp];Wysiwyg;Offspec GP;19388
2020-06-21 20:58:12;[Robes of Transcendence];Radogan;Mainspec GP;16923
2020-06-21 20:59:04;[Mish'undare, Circlet of the Mind Flayer];Lomeluin;Mainspec GP;19375
2020-06-21 20:59:25;[Neltharion's Tear];Sorci;Mainspec GP;19379
2020-06-21 21:00:11;[Head of Nefarian];Trixxy;Offspec GP;19002
2020-06-28 19:44:45;[Netherwind Bindings];Lomeluin;Offspec GP;16918
2020-06-28 19:44:50;[Netherwind Bindings];Sorci;Offspec GP;16918
2020-06-28 19:47:34;[Belt of Transcendence];Radogan;Mainspec GP;16925
2020-06-28 19:48:59;[Pendant of the Fallen Dragon];Trezôr;Mainspec GP;19371
2020-06-28 19:49:27;[Netherwind Belt];Xzoe;Offspec GP;16818
2020-06-28 20:02:00;[Dragonstalker's Greaves];Choult;Mainspec GP;16941
2020-06-28 20:10:03;[Rejuvenating Gem];Wongson;Mainspec GP;19395
2020-06-28 20:10:38;[Firemaw's Clutch];Newk;Mainspec GP;19400
2020-06-28 20:24:23;[Band of Forced Concentration];Xzoe;Mainspec GP;19403
2020-06-28 20:26:31;[Emberweave Leggings];Zann;Offspec GP;19433
2020-06-28 20:28:03;[Interlaced Shadow Jerkin];Nessy;Offspec GP;19439
2020-06-28 20:33:18;[Chromatic Boots];Crayven;Mainspec GP;19387
2020-06-28 20:33:41;[Girdle of the Fallen Crusader];Trezôr;Offspec GP;19392
2020-06-28 20:41:15;[Cloak of the Brood Lord];Arlis;Offspec GP;19378
2020-06-28 20:41:39;[Pure Elementium Band];Radogan;Mainspec GP;19382
2020-06-28 20:42:00;[Head of Nefarian];Lomeluin;Offspec GP;19002
2020-07-05 19:44:38;[Mantle of the Blackwing Cabal];Wysiwyg;Mainspec GP;19370
2020-07-05 19:45:17;[Bracelets of Wrath];Tasêrfacê;Offspec GP;16959
2020-07-05 19:47:53;[Bloodfang Belt];Nessy;Mainspec GP;16910
2020-07-05 19:48:27;[Netherwind Belt];Sorci;Offspec GP;16818
2020-07-05 19:50:54;[Cloak of Draconic Might];Hunksfox;Mainspec GP;19436
2020-07-05 20:00:04;[Heartstriker];Schellenmann;Offspec GP;19350
2020-07-05 20:00:46;[Judgement Sabatons];Trezôr;Offspec GP;16957
2020-07-05 20:01:11;[Netherwind Boots];Lomeluin;Offspec GP;16912
2020-07-05 20:04:52;[Essence Gatherer];Bombalgir;Offspec GP;19435
2020-07-05 20:07:12;[Rejuvenating Gem];Darlia;Mainspec GP;19395
2020-07-05 20:07:38;[Firemaw's Clutch];Radogan;Mainspec GP;19400
2020-07-05 20:21:08;[Ebony Flame Gloves];Bombalgir;Offspec GP;19407
2020-07-05 20:22:28;[Stormrage Handguards];Arlis;Offspec GP;16899
2020-07-05 20:22:56;[Dragon's Touch];Lomeluin;Offspec GP;19367
2020-07-05 20:27:47;[Chromatic Boots];Zann;Mainspec GP;19387
2020-07-05 20:28:13;[Judgement Spaulders];Trezôr;Offspec GP;16953
2020-07-05 20:28:42;[Netherwind Mantle];Belesh;Offspec GP;16917
2020-07-05 20:35:31;[Neltharion's Tear];Faine;Mainspec GP;19379
2020-07-05 20:35:54;[Mish'undare, Circlet of the Mind Flayer];Riese;Mainspec GP;19375
2020-07-05 20:36:41;[Breastplate of Wrath];Zann;Offspec GP;16966
2020-07-05 20:36:59;[Netherwind Robes];Belesh;Offspec GP;16916
2020-07-05 20:37:39;[Head of Nefarian];Faine;Offspec GP;19002
2020-07-12 19:48:10;[Bloodfang Bracers];Gnomling;Mainspec GP;16911
2020-07-12 19:53:11;[Helm of Endless Rage];Tasêrfacê;Offspec GP;19372
2020-07-12 19:53:44;[Bloodfang Belt];Gnomling;Mainspec GP;16910
2020-07-12 20:10:26;[Heartstriker];Pitscher;Offspec GP;19350
2020-07-12 20:25:08;[Judgement Gauntlets];Trezôr;Offspec GP;16956
2020-07-12 20:25:58;[Claw of the Black Drake];Pitscher;Offspec GP;19365
2020-07-12 20:32:32;[Band of Dark Dominion];Wongson;Offspec GP;19434
2020-07-12 20:34:02;[Band of Dark Dominion];Bombalgir;Offspec GP;19434
2020-07-12 20:46:40;[Handguards of Transcendence];Bombalgir;Mainspec GP;16920
2020-07-12 20:47:17;[Aegis of Preservation];Bombalgir;Offspec GP;19345
2020-07-12 20:50:40;[Circle of Applied Force];Nadila;Offspec GP;19432
2020-07-12 20:52:34;[Interlaced Shadow Jerkin];Chokeon;Offspec GP;19439
2020-07-12 20:59:23;[Chromatically Tempered Sword];Chokeon;Mainspec GP;19352
2020-07-12 20:59:33;[Stormrage Pauldrons];Arlis;Offspec GP;16902
2020-07-12 20:59:47;[Pauldrons of Transcendence];Radogan;Mainspec GP;16924
2020-07-12 21:12:45;[Robes of Transcendence];Newk;Mainspec GP;16923
2020-07-12 21:37:57;[Lawbringer Boots];Trezôr;Offspec GP;16859
2020-07-26 20:13:47;[Maladath, Runed Blade of the Black Flight];Tamu;Mainspec GP;19351
2020-07-26 20:14:34;[Dragonstalker's Greaves];Rhyper;Mainspec GP;16941
2020-07-26 20:15:18;[Sabatons of Wrath];Pitscher;Offspec GP;16965
2020-07-26 20:35:46;[Claw of the Black Drake];Tasêrfacê;Offspec GP;19365
2020-07-26 20:42:13;[Essence Gatherer];Sorci;Offspec GP;19435
2020-07-26 21:05:48;[Netherwind Gloves];Sorci;Mainspec GP;16913
2020-07-26 21:06:15;[Circle of Applied Force];Zann;Offspec GP;19432
2020-07-26 21:16:02;[Dragonstalker's Spaulders];Choult;Offspec GP;16937
2020-07-26 21:16:39;[Empowered Leggings];Trezôr;Mainspec GP;19385
2020-07-26 21:26:45;[Mish'undare, Circlet of the Mind Flayer];Belesh;Mainspec GP;19375
2020-07-26 21:27:27;[Judgement Breastplate];Trezôr;Offspec GP;16958
2020-07-26 21:28:45;[Head of Nefarian];Aionara;Mainspec GP;19002
2020-08-02 19:48:12;[Bloodfang Bracers];Schellenmann;Mainspec GP;16911
2020-08-02 19:50:00;[The Untamed Blade];Pitscher;Mainspec GP;19334
2020-08-02 19:53:38;[Helm of Endless Rage];Crayven;Offspec GP;19372
2020-08-02 19:54:05;[Nemesis Belt];Riese;Offspec GP;16933
2020-08-02 20:07:37;[Bloodfang Boots];Schellenmann;Offspec GP;16906
2020-08-02 20:10:30;[Head of the Broodlord Lashlayer];Zann;Offspec GP;20383
2020-08-02 20:24:54;[Cloak of Firemaw];Pitscher;Mainspec GP;19398
2020-08-02 20:41:10;[Gauntlets of Wrath];Naiko;Offspec GP;16964
2020-08-02 20:44:05;[Drake Talon Cleaver];Nadila;Offspec GP;19353
2020-08-02 20:45:07;[Circle of Applied Force];Tasêrfacê;Offspec GP;19432
2020-08-02 20:51:53;[Chromatically Tempered Sword];Hunksfox;Mainspec GP;19352
2020-08-02 20:59:29;[Neltharion's Tear];Maddi;Mainspec GP;19379
2020-08-02 21:00:45;[Prestor's Talisman of Connivery];Schellenmann;Mainspec GP;19377
2020-08-02 21:01:20;[Head of Nefarian];Choult;Offspec GP;19002
2020-08-09 20:07:34;[Head of the Broodlord Lashlayer];Chokeon;Offspec GP;20383
2020-08-09 20:08:38;[Judgement Sabatons];Lorathos;Offspec GP;16957
2020-08-09 20:11:57;[Band of Dark Dominion];Riese;Offspec GP;19434
2020-08-09 20:16:57;[Firemaw's Clutch];Bombalgir;Mainspec GP;19400
2020-08-09 20:29:12;[Netherwind Gloves];Aionara;Mainspec GP;16913
2020-08-09 20:39:20;[Netherwind Mantle];Aionara;Mainspec GP;16917
2020-08-09 20:40:03;[Claw of Chromaggus];Xzoe;Mainspec GP;19347
2020-08-09 20:40:31;[Nemesis Spaulders];Harcort;Mainspec GP;16932
2020-08-09 20:50:23;[Lok'amir il Romathis];Lorathos;Mainspec GP;19360
2020-08-09 20:50:56;[Staff of the Shadow Flame];Wysiwyg;Mainspec GP;19356
2020-08-09 20:51:15;[Robes of Transcendence];Bombalgir;Mainspec GP;16923
2020-08-09 20:51:50;[Head of Nefarian];Tamu;Mainspec GP;19002
2020-08-16 19:44:36;[Bracelets of Wrath];Pitscher;Offspec GP;16959
2020-08-16 19:47:58;[Red Dragonscale Protector];Antaresfm;Offspec GP;19348
2020-08-16 20:12:35;[Firemaw's Clutch];Lomeluin;Offspec GP;19400
2020-08-16 20:25:39;[Drake Fang Talisman];Arlis;Mainspec GP;19406
2020-08-16 20:26:10;[Handguards of Transcendence];Faine;Offspec GP;16920
2020-08-16 20:28:38;[Emberweave Leggings];Crayven;Offspec GP;19433
2020-08-16 20:33:09;[Girdle of the Fallen Crusader];Nadila;Offspec GP;19392
2020-08-16 20:33:34;[Pauldrons of Wrath];Pitscher;Offspec GP;16961
2020-08-16 20:33:57;[Empowered Leggings];Tsubaky;Mainspec GP;19385
2020-08-16 20:40:50;[Neltharion's Tear];Lomeluin;Mainspec GP;19379
2020-08-16 20:41:15;[Netherwind Robes];Aionara;Mainspec GP;16916
2020-08-16 20:41:38;[Breastplate of Wrath];Hunksfox;Offspec GP;16966
2020-08-16 20:42:04;[Cloak of the Brood Lord];Aionara;Mainspec GP;19378
2020-08-16 20:42:41;[Head of Nefarian];Radogan;Offspec GP;19002
2020-08-23 20:23:56;[Gloves of Enforcement];Nessy;Mainspec GP;21672
2020-08-23 20:24:23;[Thick Qirajihide Belt];Arlis;Offspec GP;21675
2020-08-23 20:37:55;[Robes of the Guardian Saint];Highwalker;Mainspec GP;21663
2020-08-23 22:29:26;[Vek'lor's Diadem];Nessy;Mainspec GP;20930
2020-08-23 22:30:08;[Royal Qiraji Belt];Naiko;Offspec GP;21598
2020-08-23 22:30:47;[Vek'nilash's Circlet];Sorci;Mainspec GP;20926
2020-08-23 22:31:29;[Amulet of Vek'nilash];Riese;Mainspec GP;21608
2020-08-23 22:32:31;[Imperial Qiraji Regalia];Arlis;Mainspec GP;21237
2020-08-23 22:49:38;[Hive Defiler Wristguards];Pitscher;Mainspec GP;21618
2020-08-23 22:50:29;[Qiraji Bindings of Dominance];Sorci;Mainspec GP;20932
2020-08-23 22:50:59;[Qiraji Bindings of Command];Naiko;Mainspec GP;20928
2020-08-23 23:13:24;[Ooze-ridden Gauntlets];Nadila;Offspec GP;21691
2020-08-23 23:14:00;[Cape of the Trinity];Mastarc;Mainspec GP;21697
2020-08-27 20:17:07;[Bracelets of Wrath];Tamu;Offspec GP;16959
2020-08-27 20:17:43;[The Untamed Blade];Tasêrfacê;Offspec GP;19334
2020-08-27 20:21:51;[Stormrage Belt];Druidicas;Offspec GP;16903
2020-08-27 20:22:28;[Helm of Endless Rage];Pitscher;Mainspec GP;19372
2020-08-27 20:39:26;[Head of the Broodlord Lashlayer];Wysiwyg;Offspec GP;20383
2020-08-27 20:41:18;[Lifegiving Gem];Nadila;Mainspec GP;19341
2020-08-27 20:50:10;[Drake Talon Pauldrons];Tasêrfacê;Mainspec GP;19394
2020-08-27 20:50:37;[Firemaw's Clutch];Aionara;Mainspec GP;19400
2020-08-27 21:06:59;[Rejuvenating Gem];Radogan;Mainspec GP;19395
2020-08-27 21:07:40;[Dragonbreath Hand Cannon];Naiko;Offspec GP;19368
2020-08-27 21:09:58;[Ring of Blackrock];Druidicas;Offspec GP;19397
2020-08-27 21:17:41;[Chromatic Boots];Nadila;Mainspec GP;19387
2020-08-27 21:18:58;[Pauldrons of Wrath];Tamu;Offspec GP;16961
2020-08-27 21:19:13;[Bloodfang Spaulders];Gnomling;Offspec GP;16832
2020-08-27 21:19:38;[Claw of Chromaggus];Schmutzigé;Mainspec GP;19347
2020-08-27 21:28:11;[Crul'shorukh, Edge of Chaos];Tasêrfacê;Mainspec GP;19363
2020-08-27 21:29:05;[Staff of the Shadow Flame];Harcort;Mainspec GP;19356
2020-08-27 21:29:21;[Nemesis Robes];Harcort;Offspec GP;16931
2020-08-27 21:30:49;[Head of Nefarian];Druidicas;Offspec GP;19002
2020-08-30 19:41:44;[Boots of the Unwavering Will];Tasêrfacê;Offspec GP;21706
2020-08-30 19:42:11;[Amulet of Foul Warding];Pitscher;Offspec GP;21702
2020-08-30 19:57:45;[Legplates of Blazing Light];Trezôr;Offspec GP;21667
2020-08-30 20:03:47;[Barb of the Sand Reaver];Choult;Mainspec GP;21635
2020-08-30 20:04:27;[Barbed Choker];Crayven;Mainspec GP;21664
2020-08-30 20:10:31;[Ritssyn's Ring of Chaos];Belesh;Mainspec GP;21836
2020-08-30 20:16:01;[Qiraji Bindings of Command];Naiko;Mainspec GP;20928
2020-08-30 20:16:43;[Qiraji Bindings of Dominance];Riese;Mainspec GP;20932
2020-08-30 20:17:12;[Huhuran's Stinger];Morti;Offspec GP;21616
2020-08-30 20:51:36;[Vek'nilash's Circlet];Nadila;Mainspec GP;20926
2020-08-30 20:52:05;[Regenerating Belt of Vek'nilash];Tasêrfacê;Offspec GP;21609
2020-08-30 20:52:51;[Vek'lor's Diadem];Fein;Mainspec GP;20930
2020-08-30 20:53:13;[Vek'lor's Gloves of Devastation];Choult;Mainspec GP;21599
2020-08-30 21:22:41;[Gloves of the Redeemed Prophecy];Trezôr;Offspec GP;21889
2020-08-30 21:32:47;[Shard of the Fallen Star];Chokeon;Offspec GP;21891
2020-08-30 22:06:42;[Grasp of the Old God];Radogan;Mainspec GP;21582
2020-08-30 22:07:11;[Dark Storm Gauntlets];Xzoe;Mainspec GP;21585
2020-08-30 22:08:07;[Eye of C'Thun];Belesh;Mainspec GP;21221
2020-08-30 22:09:00;[Husk of the Old God];Aionara;Mainspec GP;20933
2020-08-30 22:09:44;[Carapace of the Old God];Naiko;Mainspec GP;20929
2020-08-30 22:25:07;[The Burrower's Shell];Trezôr;Offspec GP;23558
2020-08-30 22:25:37;[Skin of the Great Sandworm];Fein;Mainspec GP;20931
2020-08-30 22:26:17;[Ouro's Intact Hide];Zann;Mainspec GP;20927
2020-08-30 22:42:44;[Guise of the Devourer];Arlis;Mainspec GP;21693
2020-08-30 22:43:11;[Boots of the Fallen Hero];Tamu;Mainspec GP;21688
2020-09-03 20:21:41;[Netherwind Belt];Mastarc;Mainspec GP;16818
2020-09-03 20:22:01;[Helm of Endless Rage];Nadila;Offspec GP;19372
2020-09-03 20:33:07;[Bracers of Arcane Accuracy];Mastarc;Mainspec GP;19374
2020-09-03 20:33:40;[Sabatons of Wrath];Nadila;Offspec GP;16965
2020-09-03 20:34:10;[Netherwind Boots];Mastarc;Mainspec GP;16912
2020-09-03 20:43:50;[Essence Gatherer];Faine;Offspec GP;19435
2020-09-03 20:57:16;[Ring of Blackrock];Aionara;Mainspec GP;19397
2020-09-03 20:57:33;[Malfurion's Blessed Bulwark];Nadila;Offspec GP;19405
2020-09-03 21:00:11;[Dragon's Touch];Tsubaky;Mainspec GP;19367
2020-09-03 21:06:31;[Chromatic Boots];Pitscher;Mainspec GP;19387
2020-09-03 21:06:52;[Bloodfang Spaulders];Sorciyo;Offspec GP;16832
2020-09-03 21:07:13;[Netherwind Mantle];Schmutzigé;Mainspec GP;16917
2020-09-03 21:15:52;[Cloak of the Brood Lord];Xzoe;Mainspec GP;19378
2020-09-03 21:16:27;[Head of Nefarian];Harcort;Offspec GP;19002
2020-09-06 19:41:49;[Breastplate of Annihilation];Nithalf;Mainspec GP;21814
2020-09-06 19:42:20;[Pendant of the Qiraji Guardian];Nadila;Offspec GP;21700
2020-09-06 19:53:48;[Sartura's Might];Highwalker;Mainspec GP;21666
2020-09-06 19:54:27;[Gauntlets of Steadfast Determination];Naiko;Offspec GP;21674
2020-09-06 19:59:37;[Cloak of Untold Secrets];Riese;Offspec GP;21627
2020-09-06 19:59:57;[Barbed Choker];Tamu;Mainspec GP;21664
2020-09-06 20:10:15;[Qiraji Bindings of Command];Naiko;Mainspec GP;20928
2020-09-06 20:10:53;[Qiraji Bindings of Dominance];Mastarc;Mainspec GP;20932
2020-09-06 20:11:56;[Cloak of the Golden Hive];Arlis;Mainspec GP;21621
2020-09-06 20:30:05;[Vek'nilash's Circlet];Maddi;Mainspec GP;20926
2020-09-06 20:30:34;[Belt of the Fallen Emperor];Maro;Offspec GP;21606
2020-09-06 20:31:23;[Vek'lor's Diadem];Reax;Mainspec GP;20930
2020-09-06 20:31:42;[Vek'lor's Gloves of Devastation];Maro;Offspec GP;21599
2020-09-06 20:34:43;[Imperial Qiraji Regalia];Maddi;Mainspec GP;21237
2020-09-06 20:52:51;[Gloves of the Redeemed Prophecy];Trezôr;Offspec GP;21889
2020-09-06 21:22:30;[Gauntlets of Annihilation];Zann;Mainspec GP;21581
2020-09-06 21:23:03;[Death's Sting];Nóva;Mainspec GP;21126
2020-09-06 21:23:48;[Eye of C'Thun];Wysiwyg;Mainspec GP;21221
2020-09-06 21:24:28;[Husk of the Old God];Xzoe;Mainspec GP;20933
2020-09-06 21:25:27;[Carapace of the Old God];Tasêrfacê;Mainspec GP;20929
2020-09-06 21:31:44;[Ouro's Intact Hide];Naiko;Mainspec GP;20927
2020-09-06 21:32:01;[Skin of the Great Sandworm];Arlis;Mainspec GP;20931
2020-09-06 21:32:30;[The Burrower's Shell];Maddi;Offspec GP;23558
2020-09-06 22:47:33;[Slime-coated Leggings];Tasêrfacê;Offspec GP;21626
2020-09-06 22:48:05;[Qiraji Bindings of Dominance];Wysiwyg;Mainspec GP;20932
2020-09-06 22:48:33;[Qiraji Bindings of Command];Crayven;Mainspec GP;20928
2020-09-06 23:04:52;[Boots of the Fallen Hero];Maro;Offspec GP;21688
2020-09-06 23:05:31;[Angelista's Touch];Naiko;Offspec GP;21695
2020-09-10 20:16:59;[Belt of Transcendence];Faine;Offspec GP;16925
2020-09-10 20:21:30;[Cloak of Draconic Might];Tasêrfacê;Mainspec GP;19436
2020-09-10 20:33:38;[Head of the Broodlord Lashlayer];Maddi;Offspec GP;20383
2020-09-10 20:34:28;[Venomous Totem];Sorciyo;Offspec GP;19342
2020-09-10 20:35:33;[Sabatons of Wrath];Tasêrfacê;Offspec GP;16965
2020-09-10 20:43:40;[Scrolls of Blinding Light];Reax;Offspec GP;19343
2020-09-10 20:44:17;[Gauntlets of Wrath];Nadila;Offspec GP;16964
2020-09-10 20:57:38;[Ringo's Blizzard Boots];Schmutzigé;Offspec GP;19438
2020-09-10 21:00:30;[Bloodfang Gloves];Sorciyo;Offspec GP;16907
2020-09-10 21:00:58;[Dragonbreath Hand Cannon];Nadila;Offspec GP;19368
2020-09-10 21:03:07;[Drake Talon Pauldrons];Pitscher;Mainspec GP;19394
2020-09-10 21:03:29;[Shroud of Pure Thought];Druidicas;Mainspec GP;19430
2020-09-10 21:10:44;[Judgement Spaulders];Antaresfm;Offspec GP;16953
2020-09-10 21:11:12;[Claw of Chromaggus];Druidicas;Mainspec GP;19347
2020-09-10 21:11:39;[Angelista's Grasp];Bombalgir;Offspec GP;19388
2020-09-10 21:19:57;[Breastplate of Wrath];Tamu;Offspec GP;16966
2020-09-10 21:20:09;[Judgement Breastplate];Arlis;Offspec GP;16958
2020-09-10 21:20:42;[Crul'shorukh, Edge of Chaos];Pitscher;Mainspec GP;19363
2020-09-10 21:21:40;[Head of Nefarian];Mastarc;Offspec GP;19002
2020-09-13 19:44:28;[Breastplate of Annihilation];Zann;Mainspec GP;21814
2020-09-13 19:57:59;[Gloves of Enforcement];Nóva;Mainspec GP;21672
2020-09-13 19:58:45;[Recomposed Boots];Crayven;Offspec GP;21648
2020-09-13 20:04:56;[Libram of Grace];Maro;Mainspec GP;22402
2020-09-13 20:05:36;[Scaled Sand Reaver Leggings];Pitscher;Mainspec GP;21651
2020-09-13 20:15:00;[Gloves of the Messiah];Tsubaky;Mainspec GP;21619
2020-09-13 20:15:33;[Qiraji Bindings of Dominance];Mastarc;Mainspec GP;20932
2020-09-13 20:16:54;[Qiraji Bindings of Command];Taradus;Mainspec GP;20928
2020-09-13 20:33:06;[Vek'nilash's Circlet];Mastarc;Mainspec GP;20926
2020-09-13 20:33:24;[Belt of the Fallen Emperor];Reax;Offspec GP;21606
2020-09-13 20:33:59;[Vek'lor's Diadem];Chokeon;Mainspec GP;20930
2020-09-13 20:34:26;[Vek'lor's Gloves of Devastation];Trezôr;Offspec GP;21599
2020-09-13 20:35:16;[Imperial Qiraji Armaments];Gnomling;Mainspec GP;21232
2020-09-13 21:24:03;[Death's Sting];Gnomling;Mainspec GP;21126
2020-09-13 21:24:31;[Mark of C'Thun];Arlis;Mainspec GP;22732
2020-09-13 21:24:54;[Eye of C'Thun];Riese;Mainspec GP;21221
2020-09-13 21:26:03;[Husk of the Old God];Mastarc;Mainspec GP;20933
2020-09-13 21:26:31;[Carapace of the Old God];Nessy;Mainspec GP;20929
2020-09-13 21:34:44;[Don Rigoberto's Lost Hat];Highwalker;Mainspec GP;21615
2020-09-13 21:35:13;[Ouro's Intact Hide];Crayven;Mainspec GP;20927
2020-09-13 21:35:49;[Skin of the Great Sandworm];Maro;Offspec GP;20931
2020-09-13 22:13:12;[Imperial Qiraji Armaments];Nóva;Mainspec GP;21232
2020-09-13 22:13:50;[Ring of the Qiraji Fury];Crayven;Mainspec GP;21677
2020-09-13 22:14:28;[Qiraji Bindings of Dominance];Aionara;Mainspec GP;20932
2020-09-13 22:14:52;[Qiraji Bindings of Command];Nithalf;Mainspec GP;20928
2020-09-13 22:34:53;[Ooze-ridden Gauntlets];Nithalf;Offspec GP;21691
2020-09-17 20:14:30;[Mantle of the Blackwing Cabal];Maddi;Mainspec GP;19370
2020-09-17 20:22:07;[Boots of Pure Thought];Bombalgir;Mainspec GP;19437
2020-09-17 20:37:18;[Bloodfang Boots];Sorciyo;Offspec GP;16906
2020-09-17 20:37:42;[Netherwind Boots];Schmutzigé;Offspec GP;16912
2020-09-17 20:38:38;[Heartstriker];Tamu;Offspec GP;19350
2020-09-17 20:46:47;[Cloak of Firemaw];Sorciyo;Mainspec GP;19398
2020-09-17 21:00:44;[Taut Dragonhide Belt];Druidicas;Offspec GP;19396
2020-09-17 21:01:05;[Malfurion's Blessed Bulwark];Druidicas;Offspec GP;19405
2020-09-17 21:03:00;[Ring of Blackrock];Arlis;Offspec GP;19397
2020-09-17 21:04:16;[Shroud of Pure Thought];Arlis;Offspec GP;19430
2020-09-17 21:09:38;[Angelista's Grasp];Xzoe;Offspec GP;19388
2020-09-17 21:10:04;[Stormrage Pauldrons];Druidicas;Mainspec GP;16902
2020-09-17 21:17:20;[Prestor's Talisman of Connivery];Gnomling;Mainspec GP;19377
2020-09-17 21:17:56;[Ashkandi, Greatsword of the Brotherhood];Tamu;Mainspec GP;19364
2020-09-20 19:41:06;[Staff of the Qiraji Prophets];Lomeluin;Offspec GP;21128
2020-09-20 19:41:47;[Boots of the Redeemed Prophecy];Reax;Offspec GP;21704
2020-09-20 19:54:13;[Necklace of Purity];Nadila;Offspec GP;21678
2020-09-20 20:00:07;[Fetish of the Sand Reaver];Wysiwyg;Mainspec GP;21647
2020-09-20 20:11:25;[Ring of the Martyr];Tsubaky;Mainspec GP;21620
2020-09-20 20:11:55;[Qiraji Bindings of Dominance];Harcort;Mainspec GP;20932
2020-09-20 20:12:19;[Qiraji Bindings of Command];Chokeon;Mainspec GP;20928
2020-09-20 20:30:07;[Amulet of Vek'nilash];Wysiwyg;Mainspec GP;21608
2020-09-20 20:31:02;[Vek'nilash's Circlet];Tasêrfacê;Offspec GP;20926
2020-09-20 20:31:43;[Royal Scepter of Vek'lor];Riese;Mainspec GP;21597
2020-09-20 20:32:21;[Vek'lor's Diadem];Gnomling;Mainspec GP;20930
2020-09-20 21:22:49;[Death's Sting];Schellenmann;Mainspec GP;21126
2020-09-20 21:23:06;[Mark of C'Thun];Taradus;Mainspec GP;22732
2020-09-20 21:23:37;[Eye of C'Thun];Xzoe;Mainspec GP;21221
2020-09-20 21:24:15;[Husk of the Old God];Riese;Offspec GP;20933
2020-09-20 21:24:44;[Carapace of the Old God];Fein;Mainspec GP;20929
2020-09-20 21:35:56;[The Burrower's Shell];Wysiwyg;Offspec GP;23558
2020-09-20 21:36:33;[Skin of the Great Sandworm];Reax;Mainspec GP;20931
2020-09-20 21:36:59;[Ouro's Intact Hide];Chokeon;Mainspec GP;20927
2020-09-20 21:50:52;[Ring of the Qiraji Fury];Tamu;Mainspec GP;21677
2020-09-20 21:51:17;[Qiraji Bindings of Dominance];Maddi;Mainspec GP;20932
2020-09-20 21:51:40;[Qiraji Bindings of Command];Chokeon;Mainspec GP;20928
2020-09-20 22:21:43;[Angelista's Charm];Bombalgir;Offspec GP;21690
2020-09-20 22:22:15;[Triad Girdle];Fein;Offspec GP;21692
2020-09-24 20:24:15;[Waistband of Wrath];Nadila;Offspec GP;16960
2020-09-24 20:39:11;[Sabatons of Wrath];Tamu;Offspec GP;16965
2020-09-24 20:49:10;[Shadow Wing Focus Staff];Arlis;Offspec GP;19355
2020-09-24 20:49:35;[Black Ash Robe];Riese;Offspec GP;19399
2020-09-24 21:04:10;[Dragonbreath Hand Cannon];Crayven;Offspec GP;19368
2020-09-24 21:06:04;[Rejuvenating Gem];Highwalker;Mainspec GP;19395
2020-09-24 21:12:28;[Empowered Leggings];Radogan;Mainspec GP;19385
2020-09-24 21:12:47;[Pauldrons of Wrath];Nadila;Offspec GP;16961
2020-09-24 21:22:25;[Netherwind Robes];Xzoe;Offspec GP;16916
2020-09-24 21:22:29;[Netherwind Robes];Mastarc;Offspec GP;16916
2020-09-24 21:23:02;[Prestor's Talisman of Connivery];Arlis;Offspec GP;19377
2020-09-24 21:23:41;[Head of Nefarian];Reax;Offspec GP;19002
2020-09-24 21:24:31;[Staff of the Shadow Flame];Schmutzigé;Mainspec GP;19356
2020-09-27 19:44:11;[Boots of the Unwavering Will];Tamu;Offspec GP;21706
2020-09-27 19:57:15;[Gauntlets of Steadfast Determination];Tasêrfacê;Offspec GP;21674
2020-09-27 19:57:42;[Badge of the Swarmguard];Nadila;Mainspec GP;21670
2020-09-27 20:02:10;[Libram of Grace];Antaresfm;Mainspec GP;22402
2020-09-27 20:02:34;[Mantle of Wicked Revenge];Arlis;Offspec GP;21665
2020-09-27 20:11:36;[Cloak of the Golden Hive];Tasêrfacê;Mainspec GP;21621
2020-09-27 20:11:57;[Qiraji Bindings of Command];Nessy;Mainspec GP;20928
2020-09-27 20:13:00;[Qiraji Bindings of Dominance];Lomeluin;Mainspec GP;20932
2020-09-27 20:28:35;[Gloves of the Hidden Temple];Arlis;Mainspec GP;21605
2020-09-27 20:28:58;[Vek'nilash's Circlet];Naiko;Mainspec GP;20926
2020-09-27 20:29:42;[Qiraji Execution Bracers];Arlis;Mainspec GP;21602
2020-09-27 20:30:16;[Vek'lor's Diadem];Sorciyo;Mainspec GP;20930
2020-09-27 21:06:04;[Eyestalk Waist Cord];Harcort;Mainspec GP;22730
2020-09-27 21:06:29;[Mark of C'Thun];Naiko;Mainspec GP;22732
2020-09-27 21:07:11;[Eye of C'Thun];Lomeluin;Mainspec GP;21221
2020-09-27 21:09:07;[Husk of the Old God];Bombalgir;Offspec GP;20933
2020-09-27 21:09:42;[Carapace of the Old God];Nadila;Mainspec GP;20929
2020-09-27 21:15:16;[Imperial Qiraji Regalia];Aionara;Mainspec GP;21237
2020-09-27 21:16:08;[Burrower Bracers];Bombalgir;Offspec GP;21611
2020-09-27 21:16:43;[Skin of the Great Sandworm];Wysiwyg;Offspec GP;20931
2020-09-27 21:17:05;[Ouro's Intact Hide];Nithalf;Mainspec GP;20927
2020-09-27 21:32:59;[Sharpened Silithid Femur];Exts;Mainspec GP;21622
2020-09-27 21:33:48;[Qiraji Bindings of Dominance];Fein;Mainspec GP;20932
2020-09-27 21:34:12;[Qiraji Bindings of Command];Sorciyo;Mainspec GP;20928
2020-09-27 21:48:08;[Petrified Scarab];Naiko;Mainspec GP;21685
2020-09-27 21:48:34;[Cape of the Trinity];Schmutzigé;Mainspec GP;21697
2020-10-01 20:08:57;[Mantle of the Blackwing Cabal];Tuv;Mainspec GP;19370
2020-10-01 20:16:40;[Cloak of Draconic Might];Tamu;Mainspec GP;19436
2020-10-01 20:30:01;[Bracers of Arcane Accuracy];Ricárda;Mainspec GP;19374
2020-10-01 20:31:58;[Head of the Broodlord Lashlayer];Druidicas;Offspec GP;20383
2020-10-01 20:33:51;[Essence Gatherer];Tuv;Offspec GP;19435
2020-10-01 20:39:41;[Rejuvenating Gem];Bombalgir;Mainspec GP;19395
2020-10-01 20:39:59;[Scrolls of Blinding Light];Antaresfm;Offspec GP;19343
2020-10-01 20:53:23;[Nemesis Gloves];Ricárda;Mainspec GP;16928
2020-10-01 20:56:22;[Drake Talon Cleaver];Flitzie;Offspec GP;19353
2020-10-01 21:01:55;[Netherwind Mantle];Mastarc;Offspec GP;16917
2020-10-01 21:02:38;[Taut Dragonhide Shoulderpads];Druidicas;Offspec GP;19389
2020-10-01 21:10:54;[Breastplate of Wrath];Pitscher;Offspec GP;16966
2020-10-01 21:11:30;[Mish'undare, Circlet of the Mind Flayer];Exts;Mainspec GP;19375
2020-10-01 21:11:54;[Neltharion's Tear];Harcort;Mainspec GP;19379
2020-10-01 21:12:28;[Head of Nefarian];Ricárda;Mainspec GP;19002
2020-10-04 19:50:33;[Pendant of the Qiraji Guardian];Crayven;Offspec GP;21700
2020-10-04 20:02:35;[Badge of the Swarmguard];Choult;Mainspec GP;21670
2020-10-04 20:07:55;[Barb of the Sand Reaver];Rhyper;Offspec GP;21635
2020-10-04 20:20:41;[Qiraji Bindings of Dominance];Exts;Mainspec GP;20932
2020-10-04 20:21:21;[Qiraji Bindings of Command];Nessy;Mainspec GP;20928
2020-10-04 20:41:42;[Vek'lor's Diadem];Nóva;Mainspec GP;20930
2020-10-04 20:43:56;[Vek'nilash's Circlet];Harcort;Mainspec GP;20926
2020-10-04 20:46:17;[Kalimdor's Revenge];Crayven;Offspec GP;21679
2020-10-04 20:47:05;[Imperial Qiraji Regalia];Tasêrfacê;Mainspec GP;21237
2020-10-04 21:24:43;[Carapace of the Old God];Sorciyo;Mainspec GP;20929
2020-10-04 21:25:31;[Husk of the Old God];Harcort;Offspec GP;20933
2020-10-04 21:25:59;[Eye of C'Thun];Mastarc;Mainspec GP;21221
2020-10-04 21:26:37;[Eyestalk Waist Cord];Riese;Mainspec GP;22730
2020-10-04 21:27:09;[Grasp of the Old God];Tsubaky;Mainspec GP;21582
2020-10-04 21:35:00;[Ouro's Intact Hide];Taradus;Mainspec GP;20927
2020-10-04 21:37:19;[Skin of the Great Sandworm];Ricárda;Offspec GP;20931
2020-10-04 21:38:12;[Jom Gabbar];Rhyme;Mainspec GP;23570
2020-10-04 21:47:27;[Qiraji Bindings of Command];Taradus;Mainspec GP;20928
2020-10-04 21:48:10;[Qiraji Bindings of Dominance];Maddi;Mainspec GP;20932
2020-10-04 21:48:41;[Idol of Health];Highwalker;Mainspec GP;22399
2020-10-04 21:49:34;[Imperial Qiraji Regalia];Harcort;Mainspec GP;21237
2020-10-04 22:03:54;[Ternary Mantle];Radogan;Mainspec GP;21694
2020-10-04 22:04:19;[Vest of Swift Execution];Arlis;Offspec GP;21680
2020-10-04 22:05:01;[Imperial Qiraji Armaments];Tasêrfacê;Mainspec GP;21232
2020-10-08 20:29:10;[Robes of the Battleguard];Ricárda;Mainspec GP;21671
2020-10-08 20:29:56;[Leggings of the Festering Swarm];Belesh;Offspec GP;21676
2020-10-08 20:34:15;[Robes of the Guardian Saint];Radogan;Mainspec GP;21663
2020-10-08 20:34:46;[Hive Tunneler's Boots];Druidicas;Offspec GP;21645
2020-10-08 21:01:10;[Vek'lor's Diadem];Maro;Offspec GP;20930
2020-10-08 21:01:53;[Amulet of Vek'nilash];Lomeluin;Mainspec GP;21608
2020-10-08 21:02:42;[Vek'nilash's Circlet];Ricárda;Mainspec GP;20926
2020-10-08 21:03:08;[Imperial Qiraji Armaments];Nithalf;Mainspec GP;21232
2020-10-08 21:12:28;[Shard of the Fallen Star];Bombalgir;Offspec GP;21891
2020-10-08 21:39:55;[Gauntlets of Annihilation];Nadila;Mainspec GP;21581
2020-10-08 21:41:27;[Belt of Never-ending Agony];Sorciyo;Mainspec GP;21586
2020-10-08 21:42:30;[Eye of C'Thun];Fein;Mainspec GP;21221
2020-10-08 21:42:49;[Husk of the Old God];Druidicas;Mainspec GP;20933
2020-10-08 21:43:14;[Carapace of the Old God];Choult;Mainspec GP;20929
2020-10-08 21:49:35;[Don Rigoberto's Lost Hat];Bombalgir;Mainspec GP;21615
2020-10-08 21:49:59;[Skin of the Great Sandworm];Choult;Offspec GP;20931
2020-10-08 21:50:21;[Ouro's Intact Hide];Nessy;Mainspec GP;20927
2020-10-08 22:06:43;[Qiraji Bindings of Command];Nóva;Mainspec GP;20928
2020-10-08 22:07:05;[Qiraji Bindings of Dominance];Druidicas;Mainspec GP;20932
2020-10-08 22:20:13;[Wand of Qiraji Nobility];Lomeluin;Mainspec GP;21603
2020-10-08 22:21:26;[Robes of the Triumvirate];Bombalgir;Offspec GP;21696
2020-10-15 21:02:07;[Netherwind Gloves];Exts;Offspec GP;16913
2020-10-15 21:02:37;[Drake Fang Talisman];Naiko;Mainspec GP;19406
2020-10-15 21:04:39;[Handguards of Transcendence];Fipsoliene;Mainspec GP;16920
2020-10-15 21:05:00;[Dragon's Touch];Ricárda;Mainspec GP;19367
2020-10-15 21:07:29;[Interlaced Shadow Jerkin];Morti;Offspec GP;19439
2020-10-15 21:13:16;[Nemesis Spaulders];Ricárda;Mainspec GP;16932
2020-10-15 21:13:31;[Taut Dragonhide Shoulderpads];Druidicas;Offspec GP;19389
2020-10-15 21:44:08;[Crul'shorukh, Edge of Chaos];Taradus;Mainspec GP;19363
2020-10-15 21:44:32;[Neltharion's Tear];Xzoe;Mainspec GP;19379
2020-10-15 21:44:55;[Head of Nefarian];Riese;Offspec GP;19002
2020-10-18 19:40:26;[Boots of the Unwavering Will];Naiko;Offspec GP;21706
2020-10-18 19:52:43;[Wand of Qiraji Nobility];Mastarc;Mainspec GP;21603
2020-10-18 19:53:03;[Guise of the Devourer];Arlis;Offspec GP;21693
2020-10-18 19:58:27;[Imperial Qiraji Regalia];Nadila;Offspec GP;21237
2020-10-18 19:58:51;[Recomposed Boots];Nessy;Offspec GP;21648
2020-10-18 20:02:48;[Pauldrons of the Unrelenting];Naiko;Mainspec GP;21639
2020-10-18 20:03:08;[Robes of the Guardian Saint];Reax;Mainspec GP;21663
2020-10-18 20:15:28;[Imperial Qiraji Regalia];Arlis;Offspec GP;21237
2020-10-18 20:15:53;[Scarab Brooch];Reax;Mainspec GP;21625
2020-10-18 20:16:31;[Qiraji Bindings of Dominance];Maro;Offspec GP;20932
2020-10-18 20:17:43;[Qiraji Bindings of Command];Gnomling;Mainspec GP;20928
2020-10-18 20:23:55;[Qiraji Bindings of Command];Tasêrfacê;Mainspec GP;20928
2020-10-18 20:24:13;[Qiraji Bindings of Dominance];Xzoe;Mainspec GP;20932
2020-10-18 20:24:43;[Cloak of the Golden Hive];Naiko;Mainspec GP;21621
2020-10-18 20:40:16;[Vek'nilash's Circlet];Xzoe;Mainspec GP;20926
2020-10-18 20:40:50;[Regenerating Belt of Vek'nilash];Reax;Mainspec GP;21609
2020-10-18 20:41:39;[Vek'lor's Diadem];Choult;Offspec GP;20930
2020-10-18 20:42:18;[Qiraji Execution Bracers];Naiko;Mainspec GP;21602
2020-10-18 21:10:55;[Carapace of the Old God];Sorciyo;Mainspec GP;20929
2020-10-18 21:11:18;[Husk of the Old God];Belesh;Offspec GP;20933
2020-10-18 21:12:18;[Eye of C'Thun];Rhyper;Mainspec GP;21221
2020-10-18 21:12:42;[Ring of the Godslayer];Choult;Mainspec GP;21596
2020-10-18 21:13:50;[Dark Edge of Insanity];Zann;Mainspec GP;21134
2020-10-18 21:17:48;[Larvae of the Great Worm];Morti;Mainspec GP;23557
2020-10-18 21:18:39;[Imperial Qiraji Armaments];Sorciyo;Mainspec GP;21232
2020-10-18 21:19:00;[Skin of the Great Sandworm];Druidicas;Mainspec GP;20931
2020-10-18 21:19:21;[Ouro's Intact Hide];Nóva;Mainspec GP;20927
2020-10-22 20:31:23;[Belt of Transcendence];Fipsoliene;Mainspec GP;16925
2020-10-22 20:58:33;[Black Ash Robe];Xzoe;Offspec GP;19399
2020-10-22 21:08:26;[Band of Dark Dominion];Ricárda;Mainspec GP;19434
2020-10-22 21:14:22;[Band of Forced Concentration];Exts;Mainspec GP;19403
2020-10-22 21:16:11;[Drake Talon Cleaver];Reax;Offspec GP;19353
2020-10-22 21:49:45;[Archimtiros' Ring of Reckoning];Naiko;Mainspec GP;19376
2020-10-22 21:50:10;[Pure Elementium Band];Arlis;Offspec GP;19382
2020-10-25 20:50:00;[Ternary Mantle];Tsubaky;Mainspec GP;21694
2020-10-25 20:50:01;[Ring of the Devoured];Druidicas;Mainspec GP;21681
2020-10-25 20:50:02;[Sartura's Might];Lariana;Mainspec GP;21666
2020-10-25 20:50:03;[Imperial Qiraji Armaments];Schellenmann;Mainspec GP;21232
2020-10-25 20:50:04;[Qiraji Bindings of Command];Sorciyo;Mainspec GP;20928
2020-10-25 20:50:05;[Qiraji Bindings of Command];Gnomling;Mainspec GP;20928
2020-10-25 20:50:06;[Ring of the Martyr];Radogan;Mainspec GP;21620
2020-10-25 20:50:07;[Ring of Emperor Vek'lor];Arlis;Mainspec GP;21601
2020-10-25 20:50:08;[Vek'lor's Diadem];Siladra;Mainspec GP;20930
2020-10-25 20:50:09;[Ouro's Intact Hide];Sorciyo;Mainspec GP;20927
2020-10-25 20:50:10;[Carapace of the Old God];Nóva;Mainspec GP;20929
2020-10-25 20:50:11;[Husk of the Old God];Maddi;Mainspec GP;20933
2020-10-25 20:50:12;[Gauntlets of Annihilation];Crayven;Mainspec GP;21581
2020-10-25 20:50:13;[Dark Storm Gauntlets];Belesh;Mainspec GP;21585
2020-10-29 20:36:33;[Maladath, Runed Blade of the Black Flight];Nadila;Mainspec GP;19351
2020-10-29 20:59:54;[Ebony Flame Gloves];Ricárda;Mainspec GP;19407
2020-10-29 21:08:28;[Elementium Threaded Cloak];Nadila;Offspec GP;19386
2020-10-29 21:21:39;[Archimtiros' Ring of Reckoning];Nadila;Offspec GP;19376
2020-11-01 20:46:41;[Cloak of Concentrated Hatred];Nóva;Mainspec GP;21701
2020-11-01 20:47:15;[Beetle Scaled Wristguards];Nadila;Offspec GP;21708
2020-11-01 20:47:52;[Angelista's Touch];Taradus;Offspec GP;21695
2020-11-01 20:48:25;[Vest of Swift Execution];Crayven;Offspec GP;21680
2020-11-01 20:48:58;[Imperial Qiraji Regalia];Lomeluin;Offspec GP;21237
2020-11-01 20:49:23;[Gloves of Enforcement];Siladra;Mainspec GP;21672
2020-11-01 20:50:01;[Gauntlets of Steadfast Determination];Nadila;Offspec GP;21674
2020-11-01 20:50:31;[Hive Tunneler's Boots];Arlis;Mainspec GP;21645
2020-11-01 20:50:59;[Ancient Qiraji Ripper];Zann;Mainspec GP;21650
2020-11-01 20:51:45;[Qiraji Bindings of Command];Bombalgir;Offspec GP;20928
2020-11-01 20:52:37;[Qiraji Bindings of Dominance];Wysiwyg;Offspec GP;20932
2020-11-01 20:53:11;[Scarab Brooch];Lariana;Mainspec GP;21625
2020-11-01 20:53:45;[Qiraji Bindings of Command];Siladra;Mainspec GP;20928
2020-11-01 20:54:21;[Qiraji Bindings of Dominance];Belesh;Offspec GP;20932
2020-11-01 20:55:00;[Hive Defiler Wristguards];Tasêrfacê;Mainspec GP;21618
2020-11-01 20:56:44;[Ring of Emperor Vek'lor];Nadila;Offspec GP;21601
2020-11-01 20:56:03;[Vek'nilash's Circlet];Nadila;Offspec GP;20926
2020-11-01 20:57:15;[Amulet of Vek'nilash];Belesh;Mainspec GP;21608
2020-11-01 20:57:51;[Ouro's Intact Hide];Tasêrfacê;Mainspec GP;20927
2020-11-01 20:58:23;[Skin of the Great Sandworm];Harcort;Offspec GP;20931
2020-11-01 20:59:25;[The Burrower's Shell];Exts;Mainspec GP;23558
2020-11-01 21:00:09;[Cloak of Clarity];Bombalgir;Mainspec GP;21583
2020-11-01 21:00:36;[Ring of the Godslayer];Morti;Mainspec GP;21596
2020-11-01 21:01:02;[Eye of C'Thun];Rhyme;Mainspec GP;21221
2020-11-01 21:01:29;[Husk of the Old God];Ricárda;Offspec GP;20933
2020-11-01 21:01:52;[Carapace of the Old God];Gnomling;Mainspec GP;20929
2020-11-08 19:41:48;[Amulet of Foul Warding];Gnomling;Offspec GP;21702
2020-11-08 20:56:26;[Breastplate of Annihilation];Crayven;Mainspec GP;21814
2020-11-08 20:57:59;[Vest of Swift Execution];Druidicas;Offspec GP;21680
2020-11-08 20:57:25;[Triad Girdle];Naiko;Offspec GP;21692
2020-11-08 20:58:54;[Silithid Claw];Morti;Mainspec GP;21673
2020-11-08 20:58:22;[Badge of the Swarmguard];Rhyper;Mainspec GP;21670
2020-11-08 20:59:37;[Pauldrons of the Unrelenting];Taradus;Offspec GP;21639
2020-11-08 21:00:26;[Qiraji Bindings of Command];Siladra;Mainspec GP;20928
2020-11-08 21:01:08;[Qiraji Bindings of Dominance];Maro;Offspec GP;20932
2020-11-08 21:01:42;[Gauntlets of the Righteous Champion];Fein;Mainspec GP;21623
2020-11-08 21:00:34;[Qiraji Bindings of Command];Pitscher;Mainspec GP;20928
2020-11-08 21:01:14;[Qiraji Bindings of Dominance];Reax;Offspec GP;20932
2020-11-08 21:02:14;[Ring of the Martyr];Reax;Mainspec GP;21620
2020-11-08 21:03:51;[Vek'nilash's Circlet];Pitscher;Offspec GP;20926
2020-11-08 21:10:04;[Vek'lor's Diadem];Lariana;Offspec GP;20930
2020-11-08 21:03:20;[Larvae of the Great Worm];Nithalf;Mainspec GP;23557
2020-11-08 21:10:12;[Skin of the Great Sandworm];Lariana;Offspec GP;20931
2020-11-08 21:04:41;[Ouro's Intact Hide];Pitscher;Mainspec GP;20927
2020-11-08 21:06:14;[Mark of C'Thun];Zann;Mainspec GP;22732
2020-11-08 21:06:48;[Cloak of the Devoured];Mastarc;Mainspec GP;22731
2020-11-08 21:07:09;[Eye of C'Thun];Taradus;Mainspec GP;21221
2020-11-08 21:07:28;[Husk of the Old God];Druidicas;Offspec GP;20933
2020-11-08 21:07:45;[Carapace of the Old God];Pitscher;Mainspec GP;20929
2020-11-08 22:24:36;[The Untamed Blade];Reax;Offspec GP;19334
2020-11-08 22:28:31;[Belt of Transcendence];Modem;Mainspec GP;16925
2020-11-08 22:25:18;[Mind Quickening Gem];Aionara;Mainspec GP;19339
2020-11-08 22:31:22;[Scrolls of Blinding Light];Lariana;Mainspec GP;19343
2020-11-08 22:30:20;[Bloodfang Spaulders];Siladra;Offspec GP;16832
2020-11-08 22:26:21;[Empowered Leggings];Wof;Mainspec GP;19385
2020-11-08 22:33:59;[Therazane's Link];Fein;Mainspec GP;19380
2020-11-08 22:34:17;[Head of Nefarian];Gurkenzauber;Offspec GP;19003
2020-11-15 20:45:54;[Staff of the Qiraji Prophets];Gurkenzauber;Offspec GP;21128
2020-11-15 20:32:08;[Boots of the Unwavering Will];Maro;Offspec GP;21706
2020-11-15 20:33:00;[Triad Girdle];Tasêrfacê;Offspec GP;21692
2020-11-15 20:33:54;[Leggings of the Festering Swarm];Gurkenzauber;Mainspec GP;21676
2020-11-15 20:34:43;[Fetish of the Sand Reaver];Crayven;Offspec GP;21647
2020-11-15 20:50:38;[Idol of Health];Arlis;Offspec GP;22399
2020-11-15 20:35:08;[Qiraji Bindings of Dominance];Exts;Offspec GP;20932
2020-11-15 20:36:24;[Qiraji Bindings of Dominance];Maro;Offspec GP;20932
2020-11-15 20:37:42;[Vek'nilash's Circlet];Bombalgir;Offspec GP;20926
2020-11-15 20:38:09;[Regenerating Belt of Vek'nilash];Lariana;Mainspec GP;21609
2020-11-15 20:38:41;[Royal Qiraji Belt];Nadila;Offspec GP;21598
2020-11-15 20:14:38;[Shard of the Fallen Star];Gnomling;Offspec GP;21891
2020-11-15 20:39:50;[Larvae of the Great Worm];Flitchen;Mainspec GP;23557
2020-11-15 20:40:37;[Ouro's Intact Hide];Siladra;Mainspec GP;20927
2020-11-15 20:41:56;[Carapace of the Old God];Siladra;Mainspec GP;20929
2020-11-15 20:43:05;[Eye of C'Thun];Morti;Mainspec GP;21221
2020-11-15 20:43:26;[Ring of the Godslayer];Rhyper;Mainspec GP;21596
2020-11-15 20:44:01;[Mark of C'Thun];Nadila;Offspec GP;22732
2020-11-15 20:44:49;[Vanquished Tentacle of C'Thun];Arlis;Mainspec GP;21579
2020-11-15 20:47:36;[Husk of the Old God];Wysiwyg;Offspec GP;20933
2020-11-15 21:59:32;[Mantle of the Blackwing Cabal];Aionara;Mainspec GP;19370
2020-11-15 22:01:56;[Bracers of Arcane Accuracy];Wongsen;Offspec GP;19374
2020-11-15 22:02:44;[Handguards of Transcendence];Modem;Mainspec GP;16920
2020-11-15 22:03:15;[Cloak of Firemaw];Siladra;Offspec GP;19398
2020-11-15 22:05:07;[Shroud of Pure Thought];Lariana;Mainspec GP;19430
2020-11-15 22:06:10;[Empowered Leggings];Lariana;Mainspec GP;19385
2020-11-15 22:07:13;[Neltharion's Tear];Mastarc;Mainspec GP;19379
2020-11-15 22:08:26;[Cloak of the Brood Lord];Bombalgir;Offspec GP;19378
2020-11-22 20:43:59;[Staff of the Qiraji Prophets];Xzoe;Offspec GP;21128
2020-11-22 20:45:39;[Angelista's Touch];Tasêrfacê;Offspec GP;21695
2020-11-22 20:46:18;[Creeping Vine Helm];Tasêrfacê;Offspec GP;21669
2020-11-22 20:46:50;[Gauntlets of Steadfast Determination];Zann;Offspec GP;21674
2020-11-22 20:44:42;[Cloak of Untold Secrets];Ricárda;Offspec GP;21627
2020-11-22 20:47:18;[Mantle of Wicked Revenge];Nadila;Offspec GP;21665
2020-11-22 20:48:09;[Qiraji Bindings of Command];Tasêrfacê;Offspec GP;20928
2020-11-22 20:49:01;[Qiraji Bindings of Dominance];Aionara;Offspec GP;20932
2020-11-22 20:49:47;[Qiraji Bindings of Command];Nadila;Offspec GP;20928
2020-11-22 20:51:55;[Vek'nilash's Circlet];Kaey;Offspec GP;20926
2020-11-22 20:50:46;[Ring of Emperor Vek'lor];Lariana;Offspec GP;21601
2020-11-22 20:52:23;[Gloves of the Immortal];Lomeluin;Offspec GP;21888
2020-11-22 20:53:01;[The Burrower's Shell];Nessy;Offspec GP;23558
2020-11-22 20:53:45;[Ouro's Intact Hide];Nadila;Offspec GP;20927
2020-11-22 20:55:02;[Carapace of the Old God];Zann;Offspec GP;20929
2020-11-22 20:55:37;[Husk of the Old God];Riese;Offspec GP;20933
2020-11-22 20:56:03;[Eye of C'Thun];Exts;Mainspec GP;21221
2020-11-22 20:56:21;[Belt of Never-ending Agony];Chokeon;Mainspec GP;21586
2020-11-22 20:56:52;[Gauntlets of Annihilation];Tasêrfacê;Mainspec GP;21581
2020-11-22 22:12:59;[The Black Book];Ricárda;Offspec GP;19337
2020-11-22 22:15:33;[Bloodfang Boots];Siladra;Offspec GP;16906
2020-11-22 22:16:00;[Doom's Edge];Tasêrfacê;Offspec GP;19362
2020-11-22 22:16:57;[Firemaw's Clutch];Exts;Mainspec GP;19400
2020-11-22 22:17:57;[Rejuvenating Gem];Tsubaky;Mainspec GP;19395
2020-11-22 22:18:48;[Shroud of Pure Thought];Wongsen;Offspec GP;19430
2020-11-22 22:20:50;[Empowered Leggings];Reax;Mainspec GP;19385
2020-11-22 22:21:39;[Bloodfang Chestpiece];Sorciyo;Offspec GP;16905
2020-11-22 22:22:05;[Lok'amir il Romathis];Reax;Mainspec GP;19360
2020-11-22 22:22:39;[Neltharion's Tear];Aionara;Mainspec GP;19379
2020-11-22 22:23:04;[Head of Nefarian];Lariana;Offspec GP;19003
2020-11-29 20:51:31;[Cloak of Concentrated Hatred];Siladra;Mainspec GP;21701
2020-11-29 20:52:29;[Anubisath Warhammer];Crayven;Mainspec GP;21837
2020-11-29 19:53:41;[Angelista's Charm];Febsy;Mainspec GP;21690
2020-11-29 20:53:53;[Gloves of Enforcement];Arlis;Offspec GP;21672
2020-11-29 20:54:39;[Leggings of the Festering Swarm];Aionara;Offspec GP;21676
2020-11-29 20:55:18;[Fetish of the Sand Reaver];Harcort;Offspec GP;21647
2020-11-29 20:56:59;[Scaled Sand Reaver Leggings];Choult;Offspec GP;21651
2020-11-29 20:57:07;[Cloak of the Golden Hive];Nadila;Offspec GP;21621
2020-11-29 20:57:36;[Vek'nilash's Circlet];Wysiwyg;Mainspec GP;20926
2020-11-29 20:58:43;[Royal Scepter of Vek'lor];Exts;Mainspec GP;21597
2020-11-29 21:06:00;[Shard of the Fallen Star];Exts;Offspec GP;21891
2020-11-29 20:59:17;[Ouro's Intact Hide];Belesh;Offspec GP;20927
2020-11-29 21:00:35;[Larvae of the Great Worm];Crayven;Mainspec GP;23557
2020-11-29 21:00:58;[Carapace of the Old God];Crayven;Offspec GP;20929
2020-11-29 21:01:16;[Husk of the Old God];Kaey;Offspec GP;20933
2020-11-29 21:01:35;[Eye of C'Thun];Arlis;Mainspec GP;21221
2020-11-29 21:02:02;[Dark Storm Gauntlets];Wysiwyg;Mainspec GP;21585
2020-11-29 21:02:22;[Mark of C'Thun];Tasêrfacê;Offspec GP;22732
2020-11-29 22:26:20;[Bloodfang Bracers];Siladra;Offspec GP;16911
2020-11-29 22:27:58;[Lifegiving Gem];Pitscher;Offspec GP;19341
2020-11-29 22:29:47;[Ring of Blackrock];Bombalgir;Offspec GP;19397
2020-11-29 22:33:53;[Lok'amir il Romathis];Lariana;Offspec GP;19360
2020-12-04 20:55:23;[Desecrated Wristguards];Antaresfm;Mainspec GP;22362
2020-12-04 20:56:08;[Necro-Knight's Garb];Riese;Offspec GP;23069
2020-12-04 20:57:00;[Desecrated Bracers];Naiko;Mainspec GP;22355
2020-12-04 20:57:44;[Polar Shoulder Pads];Schellenmann;Offspec GP;22941
2020-12-04 20:59:15;[Kiss of the Spider];Nessy;Mainspec GP;22954
2020-12-04 20:58:19;[Desecrated Gloves];Wongsen;Mainspec GP;22371
2020-12-04 20:58:35;[Desecrated Gloves];Bombalgir;Mainspec GP;22371
2020-12-04 23:12:18;[Ring of the Eternal Flame];Exts;Mainspec GP;23237
2020-12-04 23:25:00;[Cloak of Suturing];Reax;Mainspec GP;22960
2020-12-04 23:25:30;[Desecrated Pauldrons];Schellenmann;Mainspec GP;22354
2020-12-04 23:26:43;[Desecrated Spaulders];Rhyme;Mainspec GP;22361
2020-12-04 23:27:24;[Claymore of Unholy Might];Nadila;Offspec GP;22813
2020-12-04 23:27:58;[Desecrated Sabatons];Schellenmann;Mainspec GP;22358
2020-12-04 23:29:01;[Desecrated Headpiece];Antaresfm;Mainspec GP;22360
2020-12-04 23:29:06;[Desecrated Headpiece];Flitchen;Mainspec GP;22360
2020-12-04 23:37:00;[The Castigator];Zann;Mainspec GP;22808
2020-12-06 21:17:44;[Hailstone Band];Fein;Offspec GP;23028
2020-12-06 21:14:15;[Desecrated Belt];Bombalgir;Mainspec GP;22370
2020-12-06 21:14:59;[Legplates of Carnage];Nithalf;Mainspec GP;23068
2020-12-06 21:14:25;[Desecrated Belt];Grantelbart;Mainspec GP;22370
2020-12-06 21:16:54;[The Eye of Nerub];Choult;Mainspec GP;23039
2020-12-06 21:15:33;[Desecrated Legguards];Rhyme;Mainspec GP;22359
2020-12-06 21:16:18;[Desecrated Leggings];Harcort;Mainspec GP;22366
2020-12-06 23:06:36;[Iblis, Blade of the Fallen Seraph];Sorciyo;Mainspec GP;23014
2020-12-06 23:07:23;[Desecrated Sabatons];Nóva;Mainspec GP;22358
2020-12-06 23:09:09;[Desecrated Boots];Antaresfm;Mainspec GP;22365
2020-12-06 23:10:54;[The Soul Harvester's Bindings];Xzoe;Mainspec GP;23021
2020-12-10 22:07:25;[Band of Reanimation];Rhyme;Mainspec GP;22961
2020-12-10 22:09:51;[Desecrated Shoulderpads];Riese;Mainspec GP;22368
2020-12-10 22:10:26;[Hatchet of Sundered Bone];Gotrek;Mainspec GP;22816
2020-12-10 22:11:11;[Desecrated Waistguard];Schellenmann;Mainspec GP;22356
2020-12-10 22:12:04;[Icebane Helmet];Crayven;Mainspec GP;23019
2020-12-10 21:11:15;[Desecrated Waistguard];Gnomling;Mainspec GP;22356
2020-12-10 22:13:00;[Desecrated Legplates];Schellenmann;Mainspec GP;22352
2020-12-10 22:04:49;[Desecrated Legplates];Gnomling;Mainspec GP;22352
2020-12-10 22:59:43;[Midnight Haze];Riese;Mainspec GP;22803
2020-12-10 22:58:37;[Desecrated Shoulderpads];Kaey;Mainspec GP;22368
2020-12-10 23:00:54;[Desecrated Waistguard];Nessy;Mainspec GP;22356
2020-12-10 23:13:08;[Spire of Twilight];Bombalgir;Mainspec GP;22801
2020-12-10 23:02:23;[Desecrated Helmet];Naiko;Mainspec GP;22353
2020-12-10 23:02:33;[Desecrated Helmet];Siladra;Mainspec GP;22353
2020-12-10 22:55:48;[Desecrated Bracers];Gnomling;Mainspec GP;22355
2020-12-10 22:55:51;[Touch of Frost];Gnomling;Offspec GP;22935
2020-12-10 23:26:33;[Desecrated Bracers];Nessy;Mainspec GP;22355
2020-12-10 23:27:28;[Icebane Pauldrons];Nadila;Offspec GP;22940
2020-12-13 20:13:37;[Signet of the Fallen Defender];Arlis;Mainspec GP;23018
2020-12-13 21:50:13;[Desecrated Sabatons];Nessy;Mainspec GP;22358
2020-12-13 21:51:08;[Misplaced Servo Arm];Sorciyo;Mainspec GP;23221
2020-12-13 20:12:27;[Desecrated Sabatons];Gnomling;Mainspec GP;22358
2020-12-13 21:52:33;[The Soul Harvester's Bindings];Reax;Mainspec GP;23021
2020-12-13 23:05:14;[Seal of the Damned];Riese;Mainspec GP;23025
2020-12-13 23:05:52;[Desecrated Tunic];Maro;Mainspec GP;22350
2020-12-13 23:06:40;[Desecrated Robe];Belesh;Mainspec GP;22351
2020-12-13 23:07:10;[Wraith Blade];Gurkenzauber;Mainspec GP;22807
2020-12-13 23:07:34;[Desecrated Gauntlets];Nessy;Mainspec GP;22357
2020-12-13 23:07:55;[Desecrated Gloves];Radogan;Mainspec GP;22371
2020-12-17 22:12:12;[Band of Reanimation];Choult;Mainspec GP;22961
2020-12-17 22:12:53;[Desecrated Shoulderpads];Wongsen;Mainspec GP;22368
2020-12-17 22:13:53;[Midnight Haze];Bombalgir;Offspec GP;22803
2020-12-17 22:14:26;[Desecrated Spaulders];Antaresfm;Mainspec GP;22361
2020-12-17 22:15:03;[Gluth's Missing Collar];Naiko;Offspec GP;22981
2020-12-17 22:15:39;[Desecrated Girdle];Antaresfm;Mainspec GP;22363
2020-12-17 22:36:52;[Eye of Diminution];Gurkenzauber;Offspec GP;23001
2020-12-17 22:26:43;[Desecrated Circlet];Kaey;Mainspec GP;22367
2020-12-17 22:27:16;[Desecrated Helmet];Nóva;Mainspec GP;22353
2020-12-17 22:29:11;[Cloak of the Scourge];Crayven;Mainspec GP;23030
2020-12-17 22:27:54;[Desecrated Girdle];Reax;Mainspec GP;22363
2020-12-17 22:31:52;[Icebane Helmet];Thio;Offspec GP;23019
2020-12-17 23:04:00;[Brimstone Staff];Wysiwyg;Mainspec GP;22800
2020-12-17 23:04:29;[Desecrated Legguards];Choult;Mainspec GP;22359
2020-12-17 23:04:55;[Desecrated Legplates];Nóva;Mainspec GP;22352
2020-12-17 23:06:17;[Ring of the Eternal Flame];Gurkenzauber;Mainspec GP;23237
2020-12-17 23:07:02;[Idol of Longevity];Highwalker;Offspec GP;23004
2020-12-17 23:02:55;[Desecrated Boots];Lariana;Mainspec GP;22365
2020-12-17 23:02:09;[Sadist's Collar];Arlis;Mainspec GP;23023
2020-12-17 23:07:32;[Desecrated Boots];Rhyme;Mainspec GP;22365
2020-12-17 23:08:31;[Band of Unanswered Prayers];Modem;Mainspec GP;22939
2020-12-17 23:09:03;[Desecrated Wristguards];Eichenschuss;Mainspec GP;22362
2020-12-17 23:07:59;[Desecrated Bracers];Siladra;Mainspec GP;22355
2020-12-17 23:09:33;[Icebane Pauldrons];Gotrek;Offspec GP;22940
2020-12-20 20:13:05;[Soulstring];Choult;Mainspec GP;22811
2020-12-20 20:13:35;[Desecrated Robe];Harcort;Mainspec GP;22351
2020-12-20 20:14:10;[Desecrated Breastplate];Eskaliert;Mainspec GP;22349
2020-12-20 20:12:07;[Wraith Blade];Lomeluin;Mainspec GP;22807
2020-12-20 20:14:53;[Desecrated Handguards];Choult;Mainspec GP;22364
2020-12-20 20:16:40;[Desecrated Handguards];Fein;Offspec GP;22364
2020-12-23 22:18:25;[Wristguards of Vengeance];Nithalf;Mainspec GP;22936
2020-12-23 22:17:43;[Desecrated Wristguards];Choult;Mainspec GP;22362
2020-12-23 22:18:44;[Ghoul Skin Tunic];Arlis;Mainspec GP;23226
2020-12-23 22:19:16;[Desecrated Wristguards];Rhyme;Mainspec GP;22362
2020-12-23 22:19:55;[Polar Shoulder Pads];Siladra;Offspec GP;22941
2020-12-23 22:53:40;[Desecrated Handguards];Rhyme;Mainspec GP;22364
2020-12-23 22:54:22;[Desecrated Handguards];Maro;Offspec GP;22364
2020-12-23 22:54:56;[Crystal Webbed Robe];Lomeluin;Offspec GP;23220
2020-12-23 22:55:50;[Cloak of the Scourge];Naiko;Offspec GP;23030
2020-12-23 22:56:18;[Desecrated Belt];Wysiwyg;Mainspec GP;22370
2020-12-23 22:56:48;[Desecrated Waistguard];Nóva;Mainspec GP;22356
2020-12-23 22:57:17;[Legplates of Carnage];Gotrek;Mainspec GP;23068
2020-12-23 22:57:47;[Veil of Eclipse];Gurkenzauber;Offspec GP;23017
2020-12-23 22:58:18;[Desecrated Sabatons];Siladra;Mainspec GP;22358
2020-12-27 21:03:37;[Brimstone Staff];Harcort;Mainspec GP;22800
2020-12-27 21:04:13;[Desecrated Leggings];Kaey;Mainspec GP;22366
2020-12-27 21:04:42;[Desecrated Legplates];Nessy;Mainspec GP;22352
2020-12-27 21:05:10;[Desecrated Spaulders];Lariana;Mainspec GP;22361
2020-12-27 21:12:36;[Midnight Haze];Kaey;Offspec GP;22803
2020-12-27 21:05:18;[Desecrated Spaulders];Reax;Mainspec GP;22361
2020-12-27 21:07:49;[Rime Covered Mantle];Belesh;Mainspec GP;22983
2020-12-27 21:07:20;[Desecrated Waistguard];Siladra;Mainspec GP;22356
2020-12-27 21:08:41;[Spire of Twilight];Radogan;Mainspec GP;22801
2020-12-27 21:09:09;[Desecrated Circlet];Riese;Mainspec GP;22367
2020-12-27 21:10:03;[Desecrated Helmet];Schellenmann;Mainspec GP;22353
2020-12-27 21:09:32;[Sadist's Collar];Tasêrfacê;Mainspec GP;23023
2020-12-27 21:11:19;[Desecrated Sandals];Lomeluin;Mainspec GP;22372
2020-12-27 21:11:55;[Maul of the Redeemed Crusader];Tasêrfacê;Offspec GP;22809
2020-12-27 21:10:32;[Desecrated Breastplate];Nóva;Mainspec GP;22349
2020-12-27 21:10:43;[Desecrated Breastplate];Schellenmann;Mainspec GP;22349
2020-12-27 22:48:53;[Cloak of the Necropolis];Xzoe;Mainspec GP;23050
2020-12-27 22:49:46;[Claw of the Frost Wyrm];Siladra;Mainspec GP;23242
2020-12-27 22:50:10;[Hammer of the Twisting Nether];Maro;Mainspec GP;23056
2020-12-27 22:50:36;[Nerubian Slavemaker];Morti;Mainspec GP;22812
2020-12-27 22:50:55;[Ring of Redemption];Antaresfm;Mainspec GP;23066
2020-12-27 22:51:15;[Frostfire Ring];Gurkenzauber;Mainspec GP;23062
2020-12-27 22:51:46;[The Phylactery of Kel'Thuzad];Nithalf;Mainspec GP;22520
2021-01-01 21:18:53;[Desecrated Shoulderpads];Grantelbart;Mainspec GP;22368
2021-01-01 21:19:56;[The End of Dreams];Druidicas;Mainspec GP;22988
2021-01-01 20:00:21;[Desecrated Pauldrons];Gnomling;Mainspec GP;22354
2021-01-01 21:22:30;[Desecrated Spaulders];Eichenschuss;Mainspec GP;22361
2021-01-01 21:23:31;[Rime Covered Mantle];Lomeluin;Mainspec GP;22983
2021-01-01 21:24:39;[Eye of Diminution];Lomeluin;Offspec GP;23001
2021-01-01 21:25:11;[Desecrated Headpiece];Lariana;Mainspec GP;22360
2021-01-01 21:26:10;[Desecrated Circlet];Harcort;Mainspec GP;22367
2021-01-01 21:32:27;[Desecrated Bindings];Grantelbart;Mainspec GP;22369
2021-01-01 21:28:00;[Band of Unanswered Prayers];Grantelbart;Mainspec GP;22939
2021-01-01 21:29:25;[Desecrated Wristguards];Druidicas;Mainspec GP;22362
2021-01-01 21:33:06;[Polar Shoulder Pads];Sorciyo;Offspec GP;22941
2021-01-01 21:33:55;[Maexxna's Fang];Sorciyo;Mainspec GP;22804
2021-01-01 21:34:33;[Desecrated Handguards];Eichenschuss;Mainspec GP;22364
2021-01-01 21:36:01;[Desecrated Gloves];Febsy;Mainspec GP;22371
2021-01-01 21:36:33;[Desecrated Girdle];Choult;Mainspec GP;22363
2021-01-01 21:37:42;[Hatchet of Sundered Bone];Nithalf;Mainspec GP;22816
2021-01-01 22:15:39;[Desecrated Belt];Xzoe;Mainspec GP;22370
2021-01-01 22:17:35;[Desecrated Legplates];Siladra;Mainspec GP;22352
2021-01-01 22:16:30;[Desecrated Legguards];Eichenschuss;Mainspec GP;22359
2021-01-01 22:17:01;[The Eye of Nerub];Eichenschuss;Mainspec GP;23039
2021-01-01 22:18:58;[Veil of Eclipse];Druidicas;Offspec GP;23017
2021-01-01 22:18:13;[Desecrated Sandals];Xzoe;Mainspec GP;22372
2021-01-01 22:19:27;[Glacial Headdress];Lomeluin;Offspec GP;23032
2021-01-01 22:19:50;[Desecrated Boots];Maro;Mainspec GP;22365
2021-01-03 20:28:16;[Soulstring];Eichenschuss;Mainspec GP;22811
2021-01-03 20:27:02;[Desecrated Robe];Bombalgir;Mainspec GP;22351
2021-01-03 20:27:36;[Desecrated Tunic];Antaresfm;Mainspec GP;22350
2021-01-03 20:29:04;[Sapphiron's Right Eye];Grantelbart;Mainspec GP;23048
2021-01-03 20:29:33;[Shroud of Dominion];Gotrek;Mainspec GP;23045
2021-01-03 20:32:03;[The Hungering Cold];Naiko;Mainspec GP;23577
2021-01-03 20:32:34;[Ring of the Dreadnaught];Naiko;Mainspec GP;23059
2021-01-03 20:33:01;[Gem of Trapped Innocents];Lomeluin;Mainspec GP;23057
2021-01-03 20:33:54;[Ring of the Dreamwalker];Druidicas;Offspec GP;23064
2021-01-03 20:34:43;[The Phylactery of Kel'Thuzad];Riese;Mainspec GP;22520
2021-01-03 22:37:42;[Vek'nilash's Circlet];Getit;Mainspec GP;20926
2021-01-03 22:38:30;[Vek'lor's Diadem];Druidicas;Offspec GP;20930
2021-01-03 22:39:18;[Qiraji Execution Bracers];Nóva;Offspec GP;21602
2021-01-03 22:40:02;[Imperial Qiraji Armaments];Getit;Mainspec GP;21232
2021-01-03 22:40:39;[Ouro's Intact Hide];Getit;Mainspec GP;20927
2021-01-03 22:41:17;[Skin of the Great Sandworm];Riese;Offspec GP;20931
2021-01-03 22:13:36;[The Burrower's Shell];Tasêrfacê;Offspec GP;23558
2021-01-03 22:41:55;[Carapace of the Old God];Getit;Mainspec GP;20929
2021-01-03 22:42:13;[Husk of the Old God];Druidicas;Offspec GP;20933
2021-01-03 22:45:29;[Eye of C'Thun];Radogan;Mainspec GP;21221
2021-01-03 22:43:02;[Ring of the Godslayer];Naiko;Mainspec GP;21596
2021-01-03 22:43:31;[Gauntlets of Annihilation];Fein;Mainspec GP;21581
2021-01-07 20:59:05;[Desecrated Spaulders];Maro;Mainspec GP;22361
2021-01-07 20:59:50;[The Plague Bearer];Naiko;Offspec GP;22818
2021-01-07 21:01:13;[Desecrated Shoulderpads];Modem;Mainspec GP;22368
2021-01-07 21:19:43;[The End of Dreams];Arlis;Offspec GP;22988
2021-01-07 21:21:22;[Desecrated Bracers];Nóva;Mainspec GP;22355
2021-01-07 21:22:18;[Claymore of Unholy Might];Tasêrfacê;Offspec GP;22813
2021-01-07 21:24:05;[The Castigator];Getit;Offspec GP;22808
2021-01-07 21:26:03;[Desecrated Circlet];Modem;Mainspec GP;22367
2021-01-07 21:49:21;[Desecrated Headpiece];Choult;Mainspec GP;22360
2021-01-07 21:50:03;[Noth's Frigid Heart];Druidicas;Mainspec GP;23029
2021-01-07 21:50:35;[Desecrated Girdle];Rhyme;Mainspec GP;22363
2021-01-07 21:50:46;[Desecrated Girdle];Eichenschuss;Mainspec GP;22363
2021-01-07 21:51:30;[Icy Scale Coif];Eichenschuss;Offspec GP;23033
2021-01-07 21:52:59;[Desecrated Legplates];Gotrek;Offspec GP;22352
2021-01-07 21:20:34;[Desecrated Legguards];Reax;Mainspec GP;22359
2021-01-07 21:53:49;[Desecrated Bracers];Getit;Mainspec GP;22355
2021-01-07 21:54:31;[Band of Unanswered Prayers];Radogan;Mainspec GP;22939
2021-01-07 21:55:12;[Misplaced Servo Arm];Nóva;Offspec GP;23221
2021-01-07 21:55:56;[Desecrated Bindings];Fipsoliene;Mainspec GP;22369
2021-01-07 21:56:29;[Malice Stone Pendant];Druidicas;Offspec GP;22943
2021-01-07 21:57:05;[Crystal Webbed Robe];Kaey;Offspec GP;23220
2021-01-07 21:57:42;[Desecrated Handguards];Reax;Mainspec GP;22364
2021-01-07 21:58:20;[Desecrated Gloves];Grantelbart;Mainspec GP;22371
2021-01-07 22:41:03;[Iblis, Blade of the Fallen Seraph];Nessy;Mainspec GP;23014
2021-01-07 23:02:27;[Desecrated Sabatons];Nadila;Offspec GP;22358
2021-01-07 23:03:46;[Sadist's Collar];Nadila;Offspec GP;23023
2021-01-07 23:03:01;[Desecrated Sandals];Radogan;Mainspec GP;22372
2021-01-10 20:18:09;[Leggings of Apocalypse];Arlis;Mainspec GP;23071
2021-01-10 20:18:49;[Desecrated Robe];Wongsen;Mainspec GP;22351
2021-01-10 20:19:03;[Desecrated Robe];Wysiwyg;Mainspec GP;22351
2021-01-10 20:20:37;[The Restrained Essence of Sapphiron];Exts;Mainspec GP;23046
2021-01-10 20:20:12;[Claw of the Frost Wyrm];Tasêrfacê;Offspec GP;23242
2021-01-10 20:22:53;[Soulseeker];Belesh;Mainspec GP;22799
2021-01-10 20:24:00;[Might of Menethil];Zann;Mainspec GP;22798
2021-01-10 20:24:27;[Ring of the Dreamwalker];Highwalker;Offspec GP;23064
2021-01-10 20:24:48;[Bonescythe Ring];Sorciyo;Mainspec GP;23060
2021-01-10 20:25:26;[The Phylactery of Kel'Thuzad];Sorciyo;Mainspec GP;22520
2021-01-14 21:57:33;[Ghoul Skin Tunic];Gotrek;Mainspec GP;23226
2021-01-14 21:57:09;[Cloak of Suturing];Modem;Mainspec GP;22960
2021-01-14 21:57:58;[Desecrated Shoulderpads];Bombalgir;Mainspec GP;22368
2021-01-14 21:58:31;[Midnight Haze];Belesh;Offspec GP;22803
2021-01-14 21:58:55;[Desecrated Pauldrons];Nóva;Mainspec GP;22354
2021-01-14 21:59:31;[Death's Bargain];Antaresfm;Mainspec GP;23075
2021-01-14 22:00:12;[Desecrated Belt];Radogan;Mainspec GP;22370
2021-01-14 22:04:13;[Desecrated Helmet];Sorciyo;Mainspec GP;22353
2021-01-14 22:01:33;[Desecrated Headpiece];Morti;Mainspec GP;22360
2021-01-14 22:05:12;[Plated Abomination Ribcage];Zann;Mainspec GP;23000
2021-01-14 22:08:29;[Band of the Inevitable];Wysiwyg;Mainspec GP;23031
2021-01-14 22:09:11;[Desecrated Girdle];Morti;Mainspec GP;22363
2021-01-14 22:15:00;[Icy Scale Coif];Morti;Offspec GP;23033
2021-01-14 22:10:40;[Desecrated Waistguard];Zann;Offspec GP;22356
2021-01-14 22:17:36;[Desecrated Legplates];Sorciyo;Mainspec GP;22352
2021-01-14 22:18:50;[Desecrated Legplates];Zann;Offspec GP;22352
2021-01-14 22:22:37;[Band of Unnatural Forces];Nessy;Mainspec GP;23038
2021-01-14 22:24:44;[Iblis, Blade of the Fallen Seraph];Gotrek;Mainspec GP;23014
2021-01-14 22:23:21;[Desecrated Sandals];Wysiwyg;Mainspec GP;22372
2021-01-14 21:25:48;[Boots of Displacement];Gnomling;Offspec GP;23073
2021-01-14 23:00:45;[Desecrated Boots];Choult;Mainspec GP;22365
2021-01-14 23:02:00;[Maul of the Redeemed Crusader];Maro;Offspec GP;22809
2021-01-14 23:01:48;[Desecrated Breastplate];Nessy;Mainspec GP;22349
2021-01-14 23:02:16;[Desecrated Robe];Kaey;Mainspec GP;22351
2021-01-14 23:03:29;[Desecrated Bindings];Riese;Offspec GP;22369
2021-01-14 23:04:21;[Desecrated Bracers];Sorciyo;Mainspec GP;22355
2021-01-14 22:35:36;[Icebane Pauldrons];Tasêrfacê;Offspec GP;22940
2021-01-14 23:04:52;[Desecrated Handguards];Morti;Mainspec GP;22364
2021-01-14 23:06:05;[Desecrated Gauntlets];Schellenmann;Mainspec GP;22357
2021-01-17 20:00:37;[The Restrained Essence of Sapphiron];Gurkenzauber;Mainspec GP;23046
2021-01-17 20:00:12;[Slayer's Crest];Schellenmann;Mainspec GP;23041
2021-01-17 20:30:06;[The Hungering Cold];Getit;Mainspec GP;23577
2021-01-17 20:30:37;[Doomfinger];Belesh;Mainspec GP;22821
2021-01-17 20:30:56;[Ring of the Cryptstalker];Eichenschuss;Mainspec GP;23067
2021-01-17 20:31:19;[The Phylactery of Kel'Thuzad];Gnomling;Mainspec GP;22520
2021-01-21 21:58:47;[Spaulders of the Grand Crusader];Reax;Offspec GP;23667
2021-01-21 21:59:22;[Desecrated Shoulderpads];Harcort;Mainspec GP;22368
2021-01-21 22:02:02;[Band of Reanimation];Eichenschuss;Mainspec GP;22961
2021-01-21 22:00:32;[Icy Scale Spaulders];Rhyme;Offspec GP;22967
2021-01-21 21:59:31;[Desecrated Shoulderpads];Cijosamus;Mainspec GP;22368
2021-01-21 21:59:43;[Desecrated Shoulderpads];Radogan;Mainspec GP;22368
2021-01-21 22:01:16;[Desecrated Helmet];Nessy;Mainspec GP;22353
2021-01-21 22:01:54;[Desecrated Headpiece];Rhyme;Mainspec GP;22360
2021-01-21 22:03:01;[Plated Abomination Ribcage];Fein;Offspec GP;23000
2021-01-21 22:04:15;[Noth's Frigid Heart];Bombalgir;Offspec GP;23029
2021-01-21 22:04:47;[Desecrated Girdle];Druidicas;Mainspec GP;22363
2021-01-21 22:05:28;[Desecrated Waistguard];Tasêrfacê;Offspec GP;22356
2021-01-21 22:06:00;[Icy Scale Coif];Choult;Offspec GP;23033
2021-01-21 22:06:39;[Desecrated Legguards];Druidicas;Mainspec GP;22359
2021-01-21 22:06:47;[Desecrated Legguards];Bialas;Mainspec GP;22359
2021-01-21 22:08:06;[The Eye of Nerub];Morti;Offspec GP;23039
2021-01-21 22:08:44;[Necro-Knight's Garb];Modem;Offspec GP;23069
2021-01-21 22:09:16;[Girdle of the Mentor];Fein;Mainspec GP;23219
2021-01-21 22:09:43;[Desecrated Sabatons];Sorciyo;Mainspec GP;22358
2021-01-21 22:10:13;[Desecrated Boots];Reax;Mainspec GP;22365
2021-01-21 22:17:24;[Glacial Headdress];Wysiwyg;Offspec GP;23032
2021-01-21 22:11:05;[Seal of the Damned];Harcort;Mainspec GP;23025
2021-01-21 22:11:31;[Desecrated Tunic];Lariana;Mainspec GP;22350
2021-01-21 22:11:40;[Desecrated Tunic];Choult;Mainspec GP;22350
2021-01-21 23:00:15;[Necro-Knight's Garb];Grantelbart;Offspec GP;23069
2021-01-21 23:00:43;[Desecrated Wristguards];Bialas;Mainspec GP;22362
2021-01-21 23:01:08;[Desecrated Bindings];Kaey;Mainspec GP;22369
2021-01-21 23:01:33;[Polar Shoulder Pads];Nessy;Mainspec GP;22941
2021-01-21 23:02:26;[Desecrated Gauntlets];Nóva;Mainspec GP;22357
2021-01-21 23:02:32;[Desecrated Gauntlets];Gnomling;Mainspec GP;22357
2021-01-21 23:03:09;[Maexxna's Fang];Tasêrfacê;Offspec GP;22804
2021-01-24 20:04:15;[Sapphiron's Left Eye];Kriem;Mainspec GP;23049
2021-01-24 20:04:54;[Glyph of Deflection];Naiko;Offspec GP;23040
2021-01-24 20:07:23;[Plagueheart Ring];Harcort;Offspec GP;23063
2021-01-24 20:07:44;[Ring of Faith];Bombalgir;Mainspec GP;23061
2021-01-24 20:07:59;[Gressil, Dawn of Ruin];Nadila;Mainspec GP;23054
2021-01-24 20:08:11;[Hammer of the Twisting Nether];Highwalker;Mainspec GP;23056
2021-01-24 20:08:35;[The Phylactery of Kel'Thuzad];Lomeluin;Mainspec GP;22520
